id,sequence
design_w1_2_s1,MTEYKLVVVGADGVGKSALTIQLIQNHFVDEYDPDSYRKQVVIDGETSLLDILDTAGQEEYSAMRDQYMRTGEGFLLVFAINNTKSFEDIHHYREQIKRVKDSEDVPMVLVGNKSDLPSRTVDTKQAQDLARSYGIPFIETSAKTRQGVDDAFYTLVREIRKHKEK:LVDPALAAAAAAAAEAAVRAAVAAL
design_w1_2_s2,MTEYKLVVVGADGVGKSALTIQLIQNHFVDEYDPDSYRKQVVIDGETSLLDILDTAGQEEYSAMRDQYMRTGEGFLLVFAINNTKSFEDIHHYREQIKRVKDSEDVPMVLVGNKSDLPSRTVDTKQAQDLARSYGIPFIETSAKTRQGVDDAFYTLVREIRKHKEK:MVDPEVAAALAAAVDAAVREAVAKM
design_w1_1_s1,MTEYKLVVVGADGVGKSALTIQLIQNHFVDEYDPDSYRKQVVIDGETSLLDILDTAGQEEYSAMRDQYMRTGEGFLLVFAINNTKSFEDIHHYREQIKRVKDSEDVPMVLVGNKSDLPSRTVDTKQAQDLARSYGIPFIETSAKTRQGVDDAFYTLVREIRKHKEK:MTEEERLGALHAELRKREEEERM
design_w1_1_s2,MTEYKLVVVGADGVGKSALTIQLIQNHFVDEYDPDSYRKQVVIDGETSLLDILDTAGQEEYSAMRDQYMRTGEGFLLVFAINNTKSFEDIHHYREQIKRVKDSEDVPMVLVGNKSDLPSRTVDTKQAQDLARSYGIPFIETSAKTRQGVDDAFYTLVREIRKHKEK:MTEEERLSKLFEELKKEEEEREM
design_w3_0_s1,MTEYKLVVVGADGVGKSALTIQLIQNHFVDEYDPDSYRKQVVIDGETSLLDILDTAGQEEYSAMRDQYMRTGEGFLLVFAINNTKSFEDIHHYREQIKRVKDSEDVPMVLVGNKSDLPSRTVDTKQAQDLARSYGIPFIETSAKTRQGVDDAFYTLVREIRKHKEK:MTPEKSREEILRREEEERRRREEEM
design_w3_0_s2,MTEYKLVVVGADGVGKSALTIQLIQNHFVDEYDPDSYRKQVVIDGETSLLDILDTAGQEEYSAMRDQYMRTGEGFLLVFAINNTKSFEDIHHYREQIKRVKDSEDVPMVLVGNKSDLPSRTVDTKQAQDLARSYGIPFIETSAKTRQGVDDAFYTLVREIRKHKEK:ALPVASRLALLLAALAALLAALLAA
design_w3_1_s1,MTEYKLVVVGADGVGKSALTIQLIQNHFVDEYDPDSYRKQVVIDGETSLLDILDTAGQEEYSAMRDQYMRTGEGFLLVFAINNTKSFEDIHHYREQIKRVKDSEDVPMVLVGNKSDLPSRTVDTKQAQDLARSYGIPFIETSAKTRQGVDDAFYTLVREIRKHKEK:ALAALLARRLAQLAPLLARLAELLA
design_w3_1_s2,MTEYKLVVVGADGVGKSALTIQLIQNHFVDEYDPDSYRKQVVIDGETSLLDILDTAGQEEYSAMRDQYMRTGEGFLLVFAINNTKSFEDIHHYREQIKRVKDSEDVPMVLVGNKSDLPSRTVDTKQAQDLARSYGIPFIETSAKTRQGVDDAFYTLVREIRKHKEK:ALLERLLRELLQRLPLLEKLLEELA
design_w4_0_s1,MTEYKLVVVGADGVGKSALTIQLIQNHFVDEYDPDSYRKQVVIDGETSLLDILDTAGQEEYSAMRDQYMRTGEGFLLVFAINNTKSFEDIHHYREQIKRVKDSEDVPMVLVGNKSDLPSRTVDTKQAQDLARSYGIPFIETSAKTRQGVDDAFYTLVREIRKHKEK:MKEFAELVKKIREERKKKKLEEM
design_w4_0_s2,MTEYKLVVVGADGVGKSALTIQLIQNHFVDEYDPDSYRKQVVIDGETSLLDILDTAGQEEYSAMRDQYMRTGEGFLLVFAINNTKSFEDIHHYREQIKRVKDSEDVPMVLVGNKSDLPSRTVDTKQAQDLARSYGIPFIETSAKTRQGVDDAFYTLVREIRKHKEK:AKEFAELVKKIRKEREEKAKKEA
design_w2_1_s1,MTEYKLVVVGADGVGKSALTIQLIQNHFVDEYDPDSYRKQVVIDGETSLLDILDTAGQEEYSAMRDQYMRTGEGFLLVFAINNTKSFEDIHHYREQIKRVKDSEDVPMVLVGNKSDLPSRTVDTKQAQDLARSYGIPFIETSAKTRQGVDDAFYTLVREIRKHKEK:GEEERLRRFEEERAARRAAARAG
design_w2_1_s2,MTEYKLVVVGADGVGKSALTIQLIQNHFVDEYDPDSYRKQVVIDGETSLLDILDTAGQEEYSAMRDQYMRTGEGFLLVFAINNTKSFEDIHHYREQIKRVKDSEDVPMVLVGNKSDLPSRTVDTKQAQDLARSYGIPFIETSAKTRQGVDDAFYTLVREIRKHKEK:REEERLAELEARRAAAKAAAKAR
design_w4_1_s1,MTEYKLVVVGADGVGKSALTIQLIQNHFVDEYDPDSYRKQVVIDGETSLLDILDTAGQEEYSAMRDQYMRTGEGFLLVFAINNTKSFEDIHHYREQIKRVKDSEDVPMVLVGNKSDLPSRTVDTKQAQDLARSYGIPFIETSAKTRQGVDDAFYTLVREIRKHKEK:LPLLGRDAAEDALREAAAAAL
design_w4_1_s2,MTEYKLVVVGADGVGKSALTIQLIQNHFVDEYDPDSYRKQVVIDGETSLLDILDTAGQEEYSAMRDQYMRTGEGFLLVFAINNTKSFEDIHHYREQIKRVKDSEDVPMVLVGNKSDLPSRTVDTKQAQDLARSYGIPFIETSAKTRQGVDDAFYTLVREIRKHKEK:LPLTGRDPAADAAELAALAAL
design_w2_2_s1,MTEYKLVVVGADGVGKSALTIQLIQNHFVDEYDPDSYRKQVVIDGETSLLDILDTAGQEEYSAMRDQYMRTGEGFLLVFAINNTKSFEDIHHYREQIKRVKDSEDVPMVLVGNKSDLPSRTVDTKQAQDLARSYGIPFIETSAKTRQGVDDAFYTLVREIRKHKEK:KKYPIEYRRKRIDELEEEAAK
design_w2_2_s2,MTEYKLVVVGADGVGKSALTIQLIQNHFVDEYDPDSYRKQVVIDGETSLLDILDTAGQEEYSAMRDQYMRTGEGFLLVFAINNTKSFEDIHHYREQIKRVKDSEDVPMVLVGNKSDLPSRTVDTKQAQDLARSYGIPFIETSAKTRQGVDDAFYTLVREIRKHKEK:KRYPIEERRARVDELEALAAK
design_w1_0_s1,MTEYKLVVVGADGVGKSALTIQLIQNHFVDEYDPDSYRKQVVIDGETSLLDILDTAGQEEYSAMRDQYMRTGEGFLLVFAINNTKSFEDIHHYREQIKRVKDSEDVPMVLVGNKSDLPSRTVDTKQAQDLARSYGIPFIETSAKTRQGVDDAFYTLVREIRKHKEK:KSESLERWLAARAAALAALLAALK
design_w1_0_s2,MTEYKLVVVGADGVGKSALTIQLIQNHFVDEYDPDSYRKQVVIDGETSLLDILDTAGQEEYSAMRDQYMRTGEGFLLVFAINNTKSFEDIHHYREQIKRVKDSEDVPMVLVGNKSDLPSRTVDTKQAQDLARSYGIPFIETSAKTRQGVDDAFYTLVREIRKHKEK:ASESLARYLAAAAAALAAALAAAA
design_w2_0_s1,MTEYKLVVVGADGVGKSALTIQLIQNHFVDEYDPDSYRKQVVIDGETSLLDILDTAGQEEYSAMRDQYMRTGEGFLLVFAINNTKSFEDIHHYREQIKRVKDSEDVPMVLVGNKSDLPSRTVDTKQAQDLARSYGIPFIETSAKTRQGVDDAFYTLVREIRKHKEK:LAEEEARRAEIEAREAARRLAAL
design_w2_0_s2,MTEYKLVVVGADGVGKSALTIQLIQNHFVDEYDPDSYRKQVVIDGETSLLDILDTAGQEEYSAMRDQYMRTGEGFLLVFAINNTKSFEDIHHYREQIKRVKDSEDVPMVLVGNKSDLPSRTVDTKQAQDLARSYGIPFIETSAKTRQGVDDAFYTLVREIRKHKEK:LEEEEERLKELEERERERREAAL
