section,chain,resid,icode,resname,value
removed_het,A,701,,HOH,water
removed_het,A,702,,HOH,water
removed_het,A,703,,HOH,water
removed_het,A,704,,HOH,water
removed_het,A,705,,HOH,water
removed_het,A,706,,HOH,water
removed_het,A,707,,HOH,water
removed_het,A,708,,HOH,water
removed_het,A,709,,HOH,water
removed_het,A,710,,HOH,water
removed_het,A,711,,HOH,water
removed_het,A,712,,HOH,water
removed_het,A,713,,HOH,water
removed_het,A,714,,HOH,water
removed_het,A,715,,HOH,water
removed_het,A,716,,HOH,water
removed_het,A,717,,HOH,water
removed_het,A,718,,HOH,water
removed_het,A,719,,HOH,water
removed_het,A,720,,HOH,water
removed_het,A,721,,HOH,water
removed_het,A,722,,HOH,water
removed_het,A,723,,HOH,water
removed_het,A,724,,HOH,water
removed_het,A,725,,HOH,water
removed_het,A,726,,HOH,water
removed_het,A,727,,HOH,water
removed_het,A,728,,HOH,water
removed_het,A,729,,HOH,water
removed_het,A,730,,HOH,water
removed_het,A,731,,HOH,water
removed_het,A,732,,HOH,water
removed_het,A,733,,HOH,water
removed_het,A,734,,HOH,water
removed_het,A,735,,HOH,water
removed_het,A,736,,HOH,water
removed_het,A,737,,HOH,water
removed_het,A,738,,HOH,water
removed_het,A,739,,HOH,water
removed_het,A,740,,HOH,water
removed_het,A,741,,HOH,water
removed_het,A,742,,HOH,water
removed_het,A,743,,HOH,water
removed_het,A,744,,HOH,water
removed_het,A,745,,HOH,water
removed_het,A,746,,HOH,water
removed_het,A,747,,HOH,water
removed_het,A,748,,HOH,water
removed_het,A,749,,HOH,water
removed_het,A,750,,HOH,water
removed_het,A,751,,HOH,water
removed_het,A,752,,HOH,water
removed_het,A,753,,HOH,water
removed_het,A,754,,HOH,water
removed_het,A,755,,HOH,water
removed_het,A,756,,HOH,water
removed_het,A,757,,HOH,water
removed_het,A,758,,HOH,water
removed_het,A,759,,HOH,water
removed_het,A,760,,HOH,water
removed_het,A,761,,HOH,water
removed_het,A,762,,HOH,water
removed_het,A,763,,HOH,water
removed_het,A,764,,HOH,water
removed_het,A,765,,HOH,water
removed_het,A,766,,HOH,water
removed_het,A,767,,HOH,water
removed_het,A,768,,HOH,water
removed_het,A,769,,HOH,water
removed_het,A,770,,HOH,water
removed_het,A,771,,HOH,water
removed_het,A,772,,HOH,water
removed_het,A,773,,HOH,water
removed_het,A,774,,HOH,water
removed_het,A,775,,HOH,water
removed_het,A,776,,HOH,water
removed_het,A,777,,HOH,water
removed_het,A,778,,HOH,water
removed_het,A,779,,HOH,water
removed_het,A,780,,HOH,water
removed_het,A,781,,HOH,water
removed_het,A,782,,HOH,water
removed_het,A,783,,HOH,water
removed_het,A,784,,HOH,water
removed_het,A,785,,HOH,water
removed_het,A,786,,HOH,water
removed_het,A,787,,HOH,water
removed_het,A,788,,HOH,water
removed_het,A,789,,HOH,water
removed_het,A,790,,HOH,water
removed_het,A,791,,HOH,water
removed_het,A,792,,HOH,water
removed_het,A,793,,HOH,water
removed_het,A,794,,HOH,water
removed_het,A,795,,HOH,water
removed_het,A,796,,HOH,water
removed_het,A,797,,HOH,water
removed_het,A,798,,HOH,water
removed_het,A,799,,HOH,water
removed_het,A,800,,HOH,water
removed_het,A,801,,HOH,water
removed_het,A,802,,HOH,water
removed_het,A,803,,HOH,water
removed_het,A,804,,HOH,water
removed_het,A,805,,HOH,water
removed_het,A,806,,HOH,water
removed_het,A,807,,HOH,water
removed_het,A,808,,HOH,water
removed_het,A,809,,HOH,water
removed_het,A,810,,HOH,water
removed_het,A,811,,HOH,water
removed_het,A,812,,HOH,water
removed_het,A,813,,HOH,water
removed_het,A,814,,HOH,water
removed_het,A,815,,HOH,water
removed_het,A,816,,HOH,water
removed_het,A,817,,HOH,water
removed_het,A,818,,HOH,water
removed_het,A,819,,HOH,water
removed_het,A,820,,HOH,water
removed_het,A,821,,HOH,water
removed_het,A,822,,HOH,water
removed_het,A,823,,HOH,water
removed_het,A,824,,HOH,water
removed_het,A,825,,HOH,water
removed_het,A,826,,HOH,water
removed_het,A,827,,HOH,water
removed_het,A,828,,HOH,water
removed_het,A,829,,HOH,water
removed_het,A,830,,HOH,water
removed_het,A,831,,HOH,water
removed_het,A,832,,HOH,water
removed_het,A,833,,HOH,water
removed_het,A,834,,HOH,water
removed_het,A,835,,HOH,water
removed_het,A,836,,HOH,water
removed_het,A,837,,HOH,water
removed_het,A,838,,HOH,water
removed_het,A,839,,HOH,water
removed_het,A,840,,HOH,water
removed_het,A,841,,HOH,water
removed_het,A,842,,HOH,water
removed_het,A,843,,HOH,water
removed_het,A,844,,HOH,water
removed_het,A,845,,HOH,water
removed_het,A,846,,HOH,water
removed_het,A,847,,HOH,water
removed_het,A,848,,HOH,water
removed_het,A,849,,HOH,water
removed_het,A,850,,HOH,water
removed_het,A,851,,HOH,water
removed_het,A,852,,HOH,water
removed_het,A,853,,HOH,water
pdbfixer,,,,,applied
